"Start Time","Track","Series","Hosted Session Name"
"2020.02.19 6:30 PM GMT","Daytona International Speedway - Road Course","Hosted iRacing","DynamiXX Simracersworld GT PRO Series"



"League Name","League ID","League Season","League Season ID","Points System"
"DynamiXX Simracersworld? GT PRO Series","2923","Season 6","48937","None"

"Fin Pos","Car ID","Car","Car Class ID","Car Class","Team ID","Cust ID","Name","Start Pos","Car #","Out ID","Out","Interval","Laps Led","Qualify Time","Average Lap Time","Fastest Lap Time","Fast Lap#","Laps Comp","Inc","League Points","Max Fuel Fill%","Weight Penalty (KG)"
"1","72","Mercedes AMG GT3","0","Hosted All Cars Class","228725","228725","Danny Kroes","5","63","0","Running","-00.000","26","","1:44.899","1:43.031","7","35","13","0","100","0"
"2","43","McLaren MP4-12C GT3","0","Hosted All Cars Class","146086","146086","Ben Palmer","2","44","0","Running","-00.063","7","","1:44.901","1:43.350","6","35","12","0","100","0"
"3","72","Mercedes AMG GT3","0","Hosted All Cars Class","313474","313474","James Forsdyke","10","32","0","Running","-06.287","0","","1:45.079","1:43.204","7","35","6","0","100","0"
"4","72","Mercedes AMG GT3","0","Hosted All Cars Class","310532","310532","Lewis Ward","12","97","0","Running","-09.876","0","","1:45.181","1:43.333","3","35","1","0","100","0"
"5","72","Mercedes AMG GT3","0","Hosted All Cars Class","236652","236652","Ashley Beard","13","30","0","Running","-19.232","0","","1:45.448","1:43.210","5","35","13","0","100","0"
"6","72","Mercedes AMG GT3","0","Hosted All Cars Class","328174","328174","Tom Metherell","19","17","0","Running","-19.362","0","","1:45.539","1:43.136","13","35","18","0","100","0"
"7","72","Mercedes AMG GT3","0","Hosted All Cars Class","223567","223567","Louis Hancke","11","281","0","Running","-19.452","0","","1:45.455","1:43.143","10","35","5","0","100","0"
"8","72","Mercedes AMG GT3","0","Hosted All Cars Class","292686","292686","Bod Boland","14","26","0","Running","-30.598","0","","1:45.773","1:43.484","5","35","19","0","100","0"
"9","72","Mercedes AMG GT3","0","Hosted All Cars Class","127961","127961","Neil Cooper","16","75","0","Running","-32.748","0","","1:45.834","1:43.266","10","35","18","0","100","0"
"10","73","Audi R8 LMS","0","Hosted All Cars Class","324707","324707","dries Moujdy","23","277","0","Running","-32.907","0","","1:45.839","1:43.637","8","35","2","0","100","0"
"11","72","Mercedes AMG GT3","0","Hosted All Cars Class","185910","185910","Justin Naaijer","24","333","0","Running","-35.767","0","","1:45.921","1:43.872","30","35","4","0","100","0"
"12","73","Audi R8 LMS","0","Hosted All Cars Class","243150","243150","Sebastian Hawkins","26","10","0","Running","-35.969","0","","1:45.926","1:43.312","9","35","16","0","100","0"
"13","73","Audi R8 LMS","0","Hosted All Cars Class","166026","166026","Nick Schurmans","21","288","0","Running","-43.087","0","","1:46.130","1:43.883","8","35","6","0","100","0"
"14","72","Mercedes AMG GT3","0","Hosted All Cars Class","328403","328403","Sam Bentham","8","237","0","Running","-53.232","0","","1:46.420","1:43.720","5","35","17","0","100","0"
"15","72","Mercedes AMG GT3","0","Hosted All Cars Class","209160","209160","Stuart Musselwhite","40","318","0","Running","-55.016","0","","1:46.470","1:44.039","18","35","16","0","100","0"
"16","72","Mercedes AMG GT3","0","Hosted All Cars Class","305843","305843","John Tusting","20","235","0","Running","-57.252","0","","1:46.534","1:43.863","9","35","8","0","100","0"
"17","72","Mercedes AMG GT3","0","Hosted All Cars Class","303344","303344","Hendrik De Graeve","32","240","0","Running","-1:15.762","0","","1:47.063","1:44.280","6","35","23","0","100","0"
"18","55","BMW Z4 GT3","0","Hosted All Cars Class","92059","92059","Kevin Bolland","49","350","0","Running","-1:18.864","0","","1:47.247","1:44.263","4","35","10","0","100","0"
"19","72","Mercedes AMG GT3","0","Hosted All Cars Class","344252","344252","James Hobden","37","346","0","Running","-1:19.089","0","","1:47.158","1:44.060","7","35","10","0","100","0"
"20","72","Mercedes AMG GT3","0","Hosted All Cars Class","308617","308617","Steven Kastrop","44","313","0","Running","-1:21.513","0","","1:47.227","1:44.046","5","35","13","0","100","0"
"21","55","BMW Z4 GT3","0","Hosted All Cars Class","222068","222068","Steven Dewulf","45","276","0","Running","-1:24.587","0","","1:47.315","1:44.222","5","35","16","0","100","0"
"22","72","Mercedes AMG GT3","0","Hosted All Cars Class","317848","317848","Kim Beheyt","42","280","0","Running","-1:34.462","0","","1:47.597","1:44.292","17","35","8","0","100","0"
"23","72","Mercedes AMG GT3","0","Hosted All Cars Class","228111","228111","John Mcconville","38","223","0","Running","-1:34.500","0","","1:47.598","1:44.379","15","35","13","0","100","0"
"24","72","Mercedes AMG GT3","0","Hosted All Cars Class","406174","406174","Kevin De Winter","36","331","0","Running","-1:40.725","0","","1:47.776","1:45.020","7","35","9","0","100","0"
"25","55","BMW Z4 GT3","0","Hosted All Cars Class","317758","317758","Thijs Vanden Berghe","46","315","0","Running","-1:41.473","0","","1:47.797","1:45.151","15","35","15","0","100","0"
"26","72","Mercedes AMG GT3","0","Hosted All Cars Class","210512","210512","Lee Deamer","39","299","0","Running","-1 L","0","","1:48.744","1:45.551","2","34","3","0","100","0"
"27","72","Mercedes AMG GT3","0","Hosted All Cars Class","322223","322223","Jack Ashton","4","98","0","Running","-1 L","0","","1:49.215","1:44.272","29","34","14","0","100","0"
"28","72","Mercedes AMG GT3","0","Hosted All Cars Class","17459","17459","Steve Claeys","28","13","0","Running","-1 L","0","","1:49.416","1:45.639","22","34","19","0","100","0"
"29","72","Mercedes AMG GT3","0","Hosted All Cars Class","365734","365734","Oli Slade","31","250","32","Disconnected","-6 L","0","","1:50.753","1:44.823","6","29","25","0","100","0"
"30","72","Mercedes AMG GT3","0","Hosted All Cars Class","302931","302931","David Fuller3","18","233","0","Running","-8 L","0","","2:18.059","1:43.619","5","27","13","0","100","0"
"31","72","Mercedes AMG GT3","0","Hosted All Cars Class","208142","208142","John Barnes4","9","234","32","Disconnected","-13 L","0","","1:46.410","1:43.498","13","22","13","0","100","0"
"32","43","McLaren MP4-12C GT3","0","Hosted All Cars Class","262548","262548","Stijn Vanbuel","7","47","32","Disconnected","-21 L","0","","1:44.791","1:43.375","5","14","7","0","100","0"
"33","55","BMW Z4 GT3","0","Hosted All Cars Class","139160","139160","Jeromy Hessels","22","45","32","Disconnected","-26 L","0","","1:46.059","1:43.952","7","9","6","0","100","0"
"34","73","Audi R8 LMS","0","Hosted All Cars Class","366839","366839","Caleb John Lavender","29","210","32","Disconnected","-27 L","0","","1:48.525","1:43.792","7","8","6","0","100","0"
"35","94","Ferrari 488 GT3","0","Hosted All Cars Class","357198","357198","Craig Jones7","27","370","32","Disconnected","-28 L","0","","1:48.815","1:45.309","3","7","9","0","100","0"
"36","72","Mercedes AMG GT3","0","Hosted All Cars Class","245605","245605","Lee Woodburn","43","375","32","Disconnected","-28 L","0","","1:53.590","1:44.459","4","7","10","0","100","0"
"37","43","McLaren MP4-12C GT3","0","Hosted All Cars Class","335074","335074","PJ Claeysens","1","27","32","Disconnected","-30 L","2","","1:45.145","1:42.852","4","5","6","0","100","0"
"38","72","Mercedes AMG GT3","0","Hosted All Cars Class","359902","359902","Matthias Temme","34","77","32","Disconnected","-30 L","0","","1:49.253","1:44.043","4","5","10","0","100","0"
"39","72","Mercedes AMG GT3","0","Hosted All Cars Class","92937","92937","Ryan D Walker","41","266","32","Disconnected","-31 L","0","","1:53.989","1:46.403","4","4","9","0","100","0"
"40","43","McLaren MP4-12C GT3","0","Hosted All Cars Class","41698","41698","Steven Van Opstal","15","49","32","Disconnected","-31 L","0","","1:54.009","1:45.372","2","4","8","0","100","0"
"41","72","Mercedes AMG GT3","0","Hosted All Cars Class","211116","211116","Ronald Moons2","33","296","32","Disconnected","-32 L","0","","1:54.036","1:45.555","2","3","4","0","100","0"
"42","72","Mercedes AMG GT3","0","Hosted All Cars Class","254157","254157","Chris Moretta","17","88","32","Disconnected","-33 L","0","","1:51.156","1:44.736","2","2","5","0","100","0"
"43","73","Audi R8 LMS","0","Hosted All Cars Class","107823","107823","Dion Phillips","6","55","32","Disconnected","-33 L","0","","1:51.888","","","2","5","0","100","0"
"44","59","Ford GT GT3","0","Hosted All Cars Class","141923","141923","Maarten van Loozenoord","3","1","32","Disconnected","-34 L","0","","00.000","","","1","4","0","100","0"
"45","72","Mercedes AMG GT3","0","Hosted All Cars Class","178201","178201","Adam J Murray","25","31","32","Disconnected","-34 L","0","","00.000","","","1","4","0","100","0"
"46","72","Mercedes AMG GT3","0","Hosted All Cars Class","155689","155689","Daniel McAuley","30","40","32","Disconnected","-35 L","0","","00.000","","","0","4","0","100","0"
"47","72","Mercedes AMG GT3","0","Hosted All Cars Class","219226","219226","Ian A Roots","35","246","32","Disconnected","-35 L","0","","00.000","","","0","7","0","100","0"
"48","72","Mercedes AMG GT3","0","Hosted All Cars Class","165699","165699","Bart Daelman","47","888","0","Running","-35 L","0","","00.000","","","0","0","0","100","0"
"49","72","Mercedes AMG GT3","0","Hosted All Cars Class","286046","286046","Sebastian Heberer","48","555","0","Running","-35 L","0","","00.000","","","0","0","0","100","0"
"50","73","Audi R8 LMS","0","Hosted All Cars Class","49286","49286","Jochen Lenaerts","50","369","32","Disconnected","-35 L","0","","00.000","","","0","0","0","100","0"
